Id,AB,AF,AH,AM,AR,AX,AY,AZ,BC,BD ,BN,BP,BQ,BR,BZ,CB,CC,CD ,CF,CH,CL,CR,CS,CU,CW ,DA,DE,DF,DH,DI,DL,DN,DU,DV,DY,EB,EE,EG,EH,EJ,EL,EP,EU,FC,FD ,FE,FI,FL,FR,FS,GB,GE,GF,GH,GI,GL,Class
,1.012701,7549.83009,155.952063,79.431856,8.138688,9.550002,0.053592,20.191608,10.837176,8620.76256,29.3073,381.861837,272.548125,1786.78689,257.432377,157.248819,1.07778402,152.074896,24.993979,0.050546,1.495775,1.2591,56.4562735,2.543337,64.521624,92.89884,984.52565,0.23868,0.612192,260.330925,148.88972,44.506128,2.565684,1.74307,63.013776,16.765296,7.207428,3026.330388,0.57798,1,109.125159,164.024224,113.752632,102.650352,11.606835,18863.15917,15.866414,15.2785929,2.95394,1.225913,42.92873,209.564565,43382.95475,53.746124,134.109224,21.978,0
